{"kalibreringsTrykNr1":50.0,"kalibreringsSpændingNr1":1.0175747489187044,"kalibreringsTrykNr2":100.0,"kalibreringsSpændingNr2":2.1973127261210039,"kalibreringsHældning":50.382292480380229}