{"kalibreringsTrykNr1":100.0,"kalibreringsSpændingNr1":2.0666369189548104,"kalibreringsTrykNr2":50.0,"kalibreringsSpændingNr2":1.0103333807177106,"kalibreringsHældning":47.33487883932176}