{"kalibreringsTrykNr1":50.0,"kalibreringsSpændingNr1":1.21030213953456,"kalibreringsTrykNr2":100.0,"kalibreringsSpændingNr2":2.2829863277390769,"kalibreringsHældning":46.612041596036875}