{
  "kalibreringsTrykNr1": 123.0,
  "kalibreringsSpændingNr1": 0.0023581506349756864,
  "kalibreringsTrykNr2": 124.0,
  "kalibreringsSpændingNr2": -0.00018935489865512523,
  "kalibreringsHældning": -392.54085488668522
}