{"kalibreringsTrykNr1":10.0,"kalibreringsSpændingNr1":0.98516373504460475,"kalibreringsTrykNr2":50.0,"kalibreringsSpændingNr2":1.3392710982593572,"kalibreringsHældning":112.96009107763609}